-- Seed data generated from local files
INSERT INTO provinces (id, name, image) VALUES ('western', 'Western Province', 'https://images.unsplash.com/photo-1620127814470-3d7f9d846b0d?q=80&w=800&auto=format&fit=crop');
INSERT INTO districts (id, province_id, name, image) VALUES ('colombo', 'western', 'Colombo', 'https://images.unsplash.com/photo-1582450871972-abccaecfc1e9?q=80&w=800&auto=format&fit=crop');
INSERT INTO famous_places (district_id, name, image) VALUES ('colombo', 'Galle Face Green', '/galle_face.png');
INSERT INTO famous_places (district_id, name, image) VALUES ('colombo', 'Gangaramaya Temple', 'https://images.unsplash.com/photo-1620127814470-3d7f9d846b0d?q=80&w=800&auto=format&fit=crop');
INSERT INTO famous_places (district_id, name, image) VALUES ('colombo', 'Independence Square', 'https://images.unsplash.com/photo-1621252179027-94459d278660?q=80&w=800&auto=format&fit=crop');
INSERT INTO famous_places (district_id, name, image) VALUES ('colombo', 'Viharamahadevi Park', 'https://images.unsplash.com/photo-1620589125139-3832c3246eb4?q=80&w=800&auto=format&fit=crop');
INSERT INTO famous_places (district_id, name, image) VALUES ('colombo', 'Colombo National Museum', 'https://images.unsplash.com/photo-1620127814470-3d7f9d846b0d?q=80&w=800&auto=format&fit=crop');
INSERT INTO districts (id, province_id, name, image) VALUES ('gampaha', 'western', 'Gampaha', 'https://images.unsplash.com/photo-1616422846931-1583d72b83eb?q=80&w=800&auto=format&fit=crop');
INSERT INTO famous_places (district_id, name, image) VALUES ('gampaha', 'Kelaniya Raja Maha Vihara', 'https://images.unsplash.com/photo-1603591239723-93d3b76cf6eb?q=80&w=800&auto=format&fit=crop');
INSERT INTO famous_places (district_id, name, image) VALUES ('gampaha', 'Negombo Beach', 'https://images.unsplash.com/photo-1550951298-5c7b95a66bfc?q=80&w=800&auto=format&fit=crop');
INSERT INTO famous_places (district_id, name, image) VALUES ('gampaha', 'Muthurajawela Wetland', 'https://images.unsplash.com/photo-1590635293297-c2578508ee90?q=80&w=800&auto=format&fit=crop');
INSERT INTO famous_places (district_id, name, image) VALUES ('gampaha', 'Attanagalla Rajamaha Viharaya', 'https://images.unsplash.com/photo-1608241443429-19114068ccb9?q=80&w=800&auto=format&fit=crop');
INSERT INTO famous_places (district_id, name, image) VALUES ('gampaha', 'Guruge Nature Park', 'https://images.unsplash.com/photo-1500614922032-b6dd337b1313?q=80&w=800&auto=format&fit=crop');
INSERT INTO districts (id, province_id, name, image) VALUES ('kalutara', 'western', 'Kalutara', 'https://images.unsplash.com/photo-1588614959060-4d144f28b207?q=80&w=800&auto=format&fit=crop');
INSERT INTO famous_places (district_id, name, image) VALUES ('kalutara', 'Kalutara Bodhiya', 'https://images.unsplash.com/photo-1624891113524-7eb3266e7465?q=80&w=800&auto=format&fit=crop');
INSERT INTO famous_places (district_id, name, image) VALUES ('kalutara', 'Richmond Castle', 'https://images.unsplash.com/photo-1620589125139-3832c3246eb4?q=80&w=800&auto=format&fit=crop');
INSERT INTO famous_places (district_id, name, image) VALUES ('kalutara', 'Kalutara Beach', 'https://images.unsplash.com/photo-1588614959060-4d144f28b207?q=80&w=800&auto=format&fit=crop');
INSERT INTO famous_places (district_id, name, image) VALUES ('kalutara', 'Fa Hien Cave', 'https://images.unsplash.com/photo-1560242374-681b95f2d0fa?q=80&w=800&auto=format&fit=crop');
INSERT INTO famous_places (district_id, name, image) VALUES ('kalutara', 'Brief Garden by Bevis Bawa', 'https://images.unsplash.com/photo-15809654154fa1-2558aa488f72?q=80&w=800&auto=format&fit=crop');
INSERT INTO provinces (id, name, image) VALUES ('central', 'Central Province', 'https://images.unsplash.com/photo-1605335198031-6eebd3193e1a?q=80&w=800&auto=format&fit=crop');
INSERT INTO districts (id, province_id, name, image) VALUES ('kandy', 'central', 'Kandy', 'https://images.unsplash.com/photo-1585827367980-87747ac7dfd2?q=80&w=800&auto=format&fit=crop');
INSERT INTO famous_places (district_id, name, image) VALUES ('kandy', 'Temple of the Sacred Tooth Relic', '/kandy_temple.png');
INSERT INTO famous_places (district_id, name, image) VALUES ('kandy', 'Kandy Lake', 'https://images.unsplash.com/photo-1588411393092-3244bb040cd6?q=80&w=800&auto=format&fit=crop');
INSERT INTO famous_places (district_id, name, image) VALUES ('kandy', 'Royal Botanical Gardens Peradeniya', 'https://images.unsplash.com/photo-1594917634212-32a22cc37a6b?q=80&w=800&auto=format&fit=crop');
INSERT INTO famous_places (district_id, name, image) VALUES ('kandy', 'Udawattekele Sanctuary', 'https://images.unsplash.com/photo-1590635293297-c2578508ee90?q=80&w=800&auto=format&fit=crop');
INSERT INTO famous_places (district_id, name, image) VALUES ('kandy', 'Knuckles View Point', 'https://images.unsplash.com/photo-1528642463363-d4ca3361a293?q=80&w=800&auto=format&fit=crop');
INSERT INTO districts (id, province_id, name, image) VALUES ('matale', 'central', 'Matale', 'https://images.unsplash.com/photo-1581416880097-40c21dc77a94?q=80&w=800&auto=format&fit=crop');
INSERT INTO famous_places (district_id, name, image) VALUES ('matale', 'Sigiriya Rock Fortress', '/sigiriya.png');
INSERT INTO famous_places (district_id, name, image) VALUES ('matale', 'Dambulla Cave Temple', '/dambulla.png');
INSERT INTO famous_places (district_id, name, image) VALUES ('matale', 'Riverston', 'https://images.unsplash.com/photo-1605232812296-1cdaaaeb2c7c?q=80&w=800&auto=format&fit=crop');
INSERT INTO famous_places (district_id, name, image) VALUES ('matale', 'Nalanda Gedige', 'https://images.unsplash.com/photo-1632766320074-ceadea9ee104?q=80&w=800&auto=format&fit=crop');
INSERT INTO famous_places (district_id, name, image) VALUES ('matale', 'Sembuwatta Lake', 'https://images.unsplash.com/photo-1605232812296-1cdaaaeb2c7c?q=80&w=800&auto=format&fit=crop');
INSERT INTO districts (id, province_id, name, image) VALUES ('nuwara-eliya', 'central', 'Nuwara Eliya', 'https://images.unsplash.com/photo-1605232812296-1cdaaaeb2c7c?q=80&w=800&auto=format&fit=crop');
INSERT INTO famous_places (district_id, name, image) VALUES ('nuwara-eliya', 'Horton Plains National Park', '/tea_hills.png');
INSERT INTO famous_places (district_id, name, image) VALUES ('nuwara-eliya', 'Worlds End', 'https://images.unsplash.com/photo-1605232812296-1cdaaaeb2c7c?q=80&w=800&auto=format&fit=crop');
INSERT INTO famous_places (district_id, name, image) VALUES ('nuwara-eliya', 'Gregory Lake', 'https://images.unsplash.com/photo-1620589125139-3832c3246eb4?q=80&w=800&auto=format&fit=crop');
INSERT INTO famous_places (district_id, name, image) VALUES ('nuwara-eliya', 'Hakgala Botanical Garden', 'https://images.unsplash.com/photo-1500628539100-21ed46c72c82?q=80&w=800&auto=format&fit=crop');
INSERT INTO famous_places (district_id, name, image) VALUES ('nuwara-eliya', 'Pedro Tea Estate', 'https://images.unsplash.com/photo-1528642463363-d4ca3361a293?q=80&w=800&auto=format&fit=crop');
INSERT INTO provinces (id, name, image) VALUES ('southern', 'Southern Province', 'https://images.unsplash.com/photo-1546708973-c3395414464b?q=80&w=800&auto=format&fit=crop');
INSERT INTO districts (id, province_id, name, image) VALUES ('galle', 'southern', 'Galle', 'https://images.unsplash.com/photo-1552465011-b4e21bf6e79a?q=80&w=800&auto=format&fit=crop');
INSERT INTO famous_places (district_id, name, image) VALUES ('galle', 'Galle Fort', '/galle_fort.png');
INSERT INTO famous_places (district_id, name, image) VALUES ('galle', 'Unawatuna Beach', 'https://images.unsplash.com/photo-1582234032543-9f170af3664d?q=80&w=800&auto=format&fit=crop');
INSERT INTO famous_places (district_id, name, image) VALUES ('galle', 'Jungle Beach', 'https://images.unsplash.com/photo-1586861635167-e5223aadc9fe?q=80&w=800&auto=format&fit=crop');
INSERT INTO famous_places (district_id, name, image) VALUES ('galle', 'Japanese Peace Pagoda', 'https://images.unsplash.com/photo-1552465011-b4e21bf6e79a?q=80&w=800&auto=format&fit=crop');
INSERT INTO famous_places (district_id, name, image) VALUES ('galle', 'Koggala Lake', 'https://images.unsplash.com/photo-1571003123894-1f0594d2b5d9?q=80&w=800&auto=format&fit=crop');
INSERT INTO districts (id, province_id, name, image) VALUES ('matara', 'southern', 'Matara', 'https://images.unsplash.com/photo-1588820023611-37d45ddf0f62?q=80&w=800&auto=format&fit=crop');
INSERT INTO famous_places (district_id, name, image) VALUES ('matara', 'Polhena Beach', 'https://images.unsplash.com/photo-1588820023611-37d45ddf0f62?q=80&w=800&auto=format&fit=crop');
INSERT INTO famous_places (district_id, name, image) VALUES ('matara', 'Dondra Head Lighthouse', 'https://images.unsplash.com/photo-1623947477545-c8a4103a89e4?q=80&w=800&auto=format&fit=crop');
INSERT INTO famous_places (district_id, name, image) VALUES ('matara', 'Weherahena Temple', 'https://images.unsplash.com/photo-1581416880097-40c21dc77a94?q=80&w=800&auto=format&fit=crop');
INSERT INTO famous_places (district_id, name, image) VALUES ('matara', 'Matara Fort', 'https://images.unsplash.com/photo-1552465011-b4e21bf6e79a?q=80&w=800&auto=format&fit=crop');
INSERT INTO famous_places (district_id, name, image) VALUES ('matara', 'Hummanaya Blowhole', 'https://images.unsplash.com/photo-1586861635167-e5223aadc9fe?q=80&w=800&auto=format&fit=crop');
INSERT INTO districts (id, province_id, name, image) VALUES ('hambantota', 'southern', 'Hambantota', 'https://images.unsplash.com/photo-1598460599187-200eed59fb96?q=80&w=800&auto=format&fit=crop');
INSERT INTO famous_places (district_id, name, image) VALUES ('hambantota', 'Yala National Park', '/yala_leopard.png');
INSERT INTO famous_places (district_id, name, image) VALUES ('hambantota', 'Bundala National Park', 'https://images.unsplash.com/photo-1598460599187-200eed59fb96?q=80&w=800&auto=format&fit=crop');
INSERT INTO famous_places (district_id, name, image) VALUES ('hambantota', 'Mirijjawila Botanical Garden', 'https://images.unsplash.com/photo-1533038590840-1cbea6bc1e28?q=80&w=800&auto=format&fit=crop');
INSERT INTO famous_places (district_id, name, image) VALUES ('hambantota', 'Hambantota Salt Pans', 'https://images.unsplash.com/photo-1598460599187-200eed59fb96?q=80&w=800&auto=format&fit=crop');
INSERT INTO famous_places (district_id, name, image) VALUES ('hambantota', 'Dry Zone Botanical Garden', 'https://images.unsplash.com/photo-1533038590840-1cbea6bc1e28?q=80&w=800&auto=format&fit=crop');
INSERT INTO provinces (id, name, image) VALUES ('uva', 'Uva Province', 'https://images.unsplash.com/photo-1522244460515-b28e57de2cf5?q=80&w=800&auto=format&fit=crop');
INSERT INTO districts (id, province_id, name, image) VALUES ('badulla', 'uva', 'Badulla', 'https://images.unsplash.com/photo-1610488665039-3d1226b5ad55?q=80&w=800&auto=format&fit=crop');
INSERT INTO famous_places (district_id, name, image) VALUES ('badulla', 'Dunhinda Falls', 'https://images.unsplash.com/photo-1610488665039-3d1226b5ad56?q=80&w=800&auto=format&fit=crop');
INSERT INTO famous_places (district_id, name, image) VALUES ('badulla', 'Lipton''s Seat', 'https://images.unsplash.com/photo-1610488665039-3d1226b5ad56?q=80&w=800&auto=format&fit=crop');
INSERT INTO famous_places (district_id, name, image) VALUES ('badulla', 'Nine Arches Bridge', '/nine_arches.png');
INSERT INTO famous_places (district_id, name, image) VALUES ('badulla', 'Muthiyangana Temple', 'https://images.unsplash.com/photo-1610488665039-3d1226b5ad56?q=80&w=800&auto=format&fit=crop');
INSERT INTO famous_places (district_id, name, image) VALUES ('badulla', 'Diyaluma Falls', 'https://images.unsplash.com/photo-1610488665039-3d1226b5ad56?q=80&w=800&auto=format&fit=crop');
INSERT INTO districts (id, province_id, name, image) VALUES ('monaragala', 'uva', 'Monaragala', 'https://images.unsplash.com/photo-1584988294622-cff2775ae7da?q=80&w=800&auto=format&fit=crop');
INSERT INTO famous_places (district_id, name, image) VALUES ('monaragala', 'Madulsima', '/wild_lake.png');
INSERT INTO famous_places (district_id, name, image) VALUES ('monaragala', 'Nil Diya Pokuna', 'https://images.unsplash.com/photo-1584988294622-cff2775ae7da?q=80&w=800&auto=format&fit=crop');
INSERT INTO famous_places (district_id, name, image) VALUES ('monaragala', 'Buduruwagala Temple', 'https://images.unsplash.com/photo-1584988294622-cff2775ae7da?q=80&w=800&auto=format&fit=crop');
INSERT INTO famous_places (district_id, name, image) VALUES ('monaragala', 'Yala Block 3', 'https://images.unsplash.com/photo-1584988294622-cff2775ae7da?q=80&w=800&auto=format&fit=crop');
INSERT INTO famous_places (district_id, name, image) VALUES ('monaragala', 'Dambana Vedda Village', 'https://images.unsplash.com/photo-1584988294622-cff2775ae7da?q=80&w=800&auto=format&fit=crop');
INSERT INTO provinces (id, name, image) VALUES ('sabaragamuwa', 'Sabaragamuwa Province', 'https://images.unsplash.com/photo-1580193769210-b8d1c049a7d9?q=80&w=800&auto=format&fit=crop');
INSERT INTO districts (id, province_id, name, image) VALUES ('kegalle', 'sabaragamuwa', 'Kegalle', 'https://images.unsplash.com/photo-1630489958043-41bb33318991?q=80&w=800&auto=format&fit=crop');
INSERT INTO famous_places (district_id, name, image) VALUES ('kegalle', 'Pinnawala Elephant Orphanage', 'https://images.unsplash.com/photo-1630489958043-41bb33318991?q=80&w=800&auto=format&fit=crop');
INSERT INTO famous_places (district_id, name, image) VALUES ('kegalle', 'Belilena Cave', 'https://images.unsplash.com/photo-1630489958043-41bb33318991?q=80&w=800&auto=format&fit=crop');
INSERT INTO famous_places (district_id, name, image) VALUES ('kegalle', 'Kitulgala', 'https://images.unsplash.com/photo-1630489958043-41bb33318991?q=80&w=800&auto=format&fit=crop');
INSERT INTO famous_places (district_id, name, image) VALUES ('kegalle', 'Ridi Viharaya', 'https://images.unsplash.com/photo-1630489958043-41bb33318991?q=80&w=800&auto=format&fit=crop');
INSERT INTO famous_places (district_id, name, image) VALUES ('kegalle', 'Seethawaka Botanical Garden', 'https://images.unsplash.com/photo-1630489958043-41bb33318991?q=80&w=800&auto=format&fit=crop');
INSERT INTO districts (id, province_id, name, image) VALUES ('ratnapura', 'sabaragamuwa', 'Ratnapura', 'https://images.unsplash.com/photo-1581020087815-46fdba93df9e?q=80&w=800&auto=format&fit=crop');
INSERT INTO famous_places (district_id, name, image) VALUES ('ratnapura', 'Sinharaja Forest Reserve', 'https://images.unsplash.com/photo-1581020087815-46fdba93df9e?q=80&w=800&auto=format&fit=crop');
INSERT INTO famous_places (district_id, name, image) VALUES ('ratnapura', 'Adam''s Peak (Sri Pada)', '/adam_peak.png');
INSERT INTO famous_places (district_id, name, image) VALUES ('ratnapura', 'Bopath Ella', 'https://images.unsplash.com/photo-1581020087815-46fdba93df9e?q=80&w=800&auto=format&fit=crop');
INSERT INTO famous_places (district_id, name, image) VALUES ('ratnapura', 'Udawalawe National Park', 'https://images.unsplash.com/photo-1581020087815-46fdba93df9e?q=80&w=800&auto=format&fit=crop');
INSERT INTO famous_places (district_id, name, image) VALUES ('ratnapura', 'Gem Museum Ratnapura', 'https://images.unsplash.com/photo-1581020087815-46fdba93df9e?q=80&w=800&auto=format&fit=crop');
INSERT INTO provinces (id, name, image) VALUES ('nwp', 'North Western Province', 'https://images.unsplash.com/photo-1618055663731-97ad92b77c5c?q=80&w=800&auto=format&fit=crop');
INSERT INTO districts (id, province_id, name, image) VALUES ('kurunegala', 'nwp', 'Kurunegala', 'https://images.unsplash.com/photo-1570168007204-dfb528c6958f?q=80&w=800&auto=format&fit=crop');
INSERT INTO famous_places (district_id, name, image) VALUES ('kurunegala', 'Ridi Viharaya', 'https://images.unsplash.com/photo-1570168007204-dfb528c6958f?q=80&w=800&auto=format&fit=crop');
INSERT INTO famous_places (district_id, name, image) VALUES ('kurunegala', 'Kurunegala Lake', 'https://images.unsplash.com/photo-1570168007204-dfb528c6958f?q=80&w=800&auto=format&fit=crop');
INSERT INTO famous_places (district_id, name, image) VALUES ('kurunegala', 'Ethagala Rock', 'https://images.unsplash.com/photo-1570168007204-dfb528c6958f?q=80&w=800&auto=format&fit=crop');
INSERT INTO famous_places (district_id, name, image) VALUES ('kurunegala', 'Yapahuwa Rock Fortress', '/yapahuwa.png');
INSERT INTO famous_places (district_id, name, image) VALUES ('kurunegala', 'Panduwasnuwara Kingdom', 'https://images.unsplash.com/photo-1570168007204-dfb528c6958f?q=80&w=800&auto=format&fit=crop');
INSERT INTO districts (id, province_id, name, image) VALUES ('puttalam', 'nwp', 'Puttalam', 'https://images.unsplash.com/photo-1594917634212-32a22cc37a6b?q=80&w=800&auto=format&fit=crop');
INSERT INTO famous_places (district_id, name, image) VALUES ('puttalam', 'Kalpitiya Beach', 'https://images.unsplash.com/photo-1594917634212-32a22cc37a6b?q=80&w=800&auto=format&fit=crop');
INSERT INTO famous_places (district_id, name, image) VALUES ('puttalam', 'Wilpattu National Park', 'https://images.unsplash.com/photo-1594917634212-32a22cc37a6b?q=80&w=800&auto=format&fit=crop');
INSERT INTO famous_places (district_id, name, image) VALUES ('puttalam', 'St. Anne''s Shrine Talawila', 'https://images.unsplash.com/photo-1594917634212-32a22cc37a6b?q=80&w=800&auto=format&fit=crop');
INSERT INTO famous_places (district_id, name, image) VALUES ('puttalam', 'Dutch Fort Kalpitiya', 'https://images.unsplash.com/photo-1594917634212-32a22cc37a6b?q=80&w=800&auto=format&fit=crop');
INSERT INTO famous_places (district_id, name, image) VALUES ('puttalam', 'Bar Reef Marine Sanctuary', 'https://images.unsplash.com/photo-1594917634212-32a22cc37a6b?q=80&w=800&auto=format&fit=crop');
INSERT INTO provinces (id, name, image) VALUES ('ncp', 'North Central Province', 'https://images.unsplash.com/photo-1532588045667-bb945d7d0a5e?q=80&w=800&auto=format&fit=crop');
INSERT INTO districts (id, province_id, name, image) VALUES ('anuradhapura', 'ncp', 'Anuradhapura', 'https://images.unsplash.com/photo-1533038590840-1cbea6bc1e28?q=80&w=800&auto=format&fit=crop');
INSERT INTO famous_places (district_id, name, image) VALUES ('anuradhapura', 'Sri Maha Bodhi', 'https://images.unsplash.com/photo-1533038590840-1cbea6bc1e28?q=80&w=800&auto=format&fit=crop');
INSERT INTO famous_places (district_id, name, image) VALUES ('anuradhapura', 'Ruwanwelisaya', '/ruwanwelisaya.png');
INSERT INTO famous_places (district_id, name, image) VALUES ('anuradhapura', 'Jetavanaramaya', 'https://images.unsplash.com/photo-1533038590840-1cbea6bc1e28?q=80&w=800&auto=format&fit=crop');
INSERT INTO famous_places (district_id, name, image) VALUES ('anuradhapura', 'Abhayagiri Stupa', 'https://images.unsplash.com/photo-1533038590840-1cbea6bc1e28?q=80&w=800&auto=format&fit=crop');
INSERT INTO famous_places (district_id, name, image) VALUES ('anuradhapura', 'Mihintale', 'https://images.unsplash.com/photo-1533038590840-1cbea6bc1e28?q=80&w=800&auto=format&fit=crop');
INSERT INTO districts (id, province_id, name, image) VALUES ('polonnaruwa', 'ncp', 'Polonnaruwa', 'https://images.unsplash.com/photo-1632766320074-ceadea9ee104?q=80&w=800&auto=format&fit=crop');
INSERT INTO famous_places (district_id, name, image) VALUES ('polonnaruwa', 'Gal Vihara', '/polonnaruwa_ruins.png');
INSERT INTO famous_places (district_id, name, image) VALUES ('polonnaruwa', 'Parakrama Samudra', 'https://images.unsplash.com/photo-1632766320074-ceadea9ee104?q=80&w=800&auto=format&fit=crop');
INSERT INTO famous_places (district_id, name, image) VALUES ('polonnaruwa', 'Polonnaruwa Vatadage', 'https://images.unsplash.com/photo-1632766320074-ceadea9ee104?q=80&w=800&auto=format&fit=crop');
INSERT INTO famous_places (district_id, name, image) VALUES ('polonnaruwa', 'Lankatilaka Temple', 'https://images.unsplash.com/photo-1632766320074-ceadea9ee104?q=80&w=800&auto=format&fit=crop');
INSERT INTO famous_places (district_id, name, image) VALUES ('polonnaruwa', 'Royal Palace Ruins', 'https://images.unsplash.com/photo-1632766320074-ceadea9ee104?q=80&w=800&auto=format&fit=crop');
INSERT INTO provinces (id, name, image) VALUES ('ep', 'Eastern Province', 'https://images.unsplash.com/photo-1579895697334-9aa2aab8b9d4?q=80&w=800&auto=format&fit=crop');
INSERT INTO districts (id, province_id, name, image) VALUES ('trincomalee', 'ep', 'Trincomalee', 'https://images.unsplash.com/photo-1586526154388-12dce0291fc2?q=80&w=800&auto=format&fit=crop');
INSERT INTO famous_places (district_id, name, image) VALUES ('trincomalee', 'Koneswaram Temple', 'https://images.unsplash.com/photo-1586526154388-12dce0291fc2?q=80&w=800&auto=format&fit=crop');
INSERT INTO famous_places (district_id, name, image) VALUES ('trincomalee', 'Nilaveli Beach', '/nilaveli_beach.png');
INSERT INTO famous_places (district_id, name, image) VALUES ('trincomalee', 'Pigeon Island National Park', 'https://images.unsplash.com/photo-1586526154388-12dce0291fc2?q=80&w=800&auto=format&fit=crop');
INSERT INTO famous_places (district_id, name, image) VALUES ('trincomalee', 'Marble Beach', 'https://images.unsplash.com/photo-1586526154388-12dce0291fc2?q=80&w=800&auto=format&fit=crop');
INSERT INTO famous_places (district_id, name, image) VALUES ('trincomalee', 'Fort Frederick', 'https://images.unsplash.com/photo-1586526154388-12dce0291fc2?q=80&w=800&auto=format&fit=crop');
INSERT INTO districts (id, province_id, name, image) VALUES ('batticaloa', 'ep', 'Batticaloa', 'https://images.unsplash.com/photo-1636186000780-87779fdf8bd2?q=80&w=800&auto=format&fit=crop');
INSERT INTO famous_places (district_id, name, image) VALUES ('batticaloa', 'Batticaloa Lagoon', 'https://images.unsplash.com/photo-1636186000780-87779fdf8bd2?q=80&w=800&auto=format&fit=crop');
INSERT INTO famous_places (district_id, name, image) VALUES ('batticaloa', 'Batticaloa Fort', 'https://images.unsplash.com/photo-1636186000780-87779fdf8bd2?q=80&w=800&auto=format&fit=crop');
INSERT INTO famous_places (district_id, name, image) VALUES ('batticaloa', 'Pasikudah Beach', 'https://images.unsplash.com/photo-1550951298-5c7b95a66bfc?q=80&w=800&auto=format&fit=crop');
INSERT INTO famous_places (district_id, name, image) VALUES ('batticaloa', 'Kalkudah Beach', 'https://images.unsplash.com/photo-1550951298-5c7b95a66bfc?q=80&w=800&auto=format&fit=crop');
INSERT INTO famous_places (district_id, name, image) VALUES ('batticaloa', 'Kallady Bridge', 'https://images.unsplash.com/photo-1636186000780-87779fdf8bd2?q=80&w=800&auto=format&fit=crop');
INSERT INTO districts (id, province_id, name, image) VALUES ('ampara', 'ep', 'Ampara', 'https://images.unsplash.com/photo-1574676451694-84c47f70b2df?q=80&w=800&auto=format&fit=crop');
INSERT INTO famous_places (district_id, name, image) VALUES ('ampara', 'Arugam Bay', 'https://images.unsplash.com/photo-1574676451694-84c47f70b2df?q=80&w=800&auto=format&fit=crop');
INSERT INTO famous_places (district_id, name, image) VALUES ('ampara', 'Lahugala National Park', 'https://images.unsplash.com/photo-1574676451694-84c47f70b2df?q=80&w=800&auto=format&fit=crop');
INSERT INTO famous_places (district_id, name, image) VALUES ('ampara', 'Magul Maha Viharaya', 'https://images.unsplash.com/photo-1574676451694-84c47f70b2df?q=80&w=800&auto=format&fit=crop');
INSERT INTO famous_places (district_id, name, image) VALUES ('ampara', 'Kudumbigala Monastery', 'https://images.unsplash.com/photo-1574676451694-84c47f70b2df?q=80&w=800&auto=format&fit=crop');
INSERT INTO famous_places (district_id, name, image) VALUES ('ampara', 'Gal Oya National Park', 'https://images.unsplash.com/photo-1574676451694-84c47f70b2df?q=80&w=800&auto=format&fit=crop');
INSERT INTO provinces (id, name, image) VALUES ('np', 'Northern Province', 'https://images.unsplash.com/photo-1601007831006-2c5050f589db?q=80&w=800&auto=format&fit=crop');
INSERT INTO districts (id, province_id, name, image) VALUES ('jaffna', 'np', 'Jaffna', 'https://images.unsplash.com/photo-1617260799763-7eb6bc7d6675?q=80&w=800&auto=format&fit=crop');
INSERT INTO famous_places (district_id, name, image) VALUES ('jaffna', 'Nallur Kandaswamy Temple', 'https://images.unsplash.com/photo-1617260799763-7eb6bc7d6675?q=80&w=800&auto=format&fit=crop');
INSERT INTO famous_places (district_id, name, image) VALUES ('jaffna', 'Jaffna Fort', 'https://images.unsplash.com/photo-1546708973-b3395414464b?q=80&w=800&auto=format&fit=crop');
INSERT INTO famous_places (district_id, name, image) VALUES ('jaffna', 'Casuarina Beach', 'https://images.unsplash.com/photo-1601007831006-2c5050f589db?q=80&w=800&auto=format&fit=crop');
INSERT INTO famous_places (district_id, name, image) VALUES ('jaffna', 'Delft Island', 'https://images.unsplash.com/photo-1601007831006-2c5050f589db?q=80&w=800&auto=format&fit=crop');
INSERT INTO famous_places (district_id, name, image) VALUES ('jaffna', 'Keerimalai Naguleswaram Temple', 'https://images.unsplash.com/photo-1601007831006-2c5050f589db?q=80&w=800&auto=format&fit=crop');
INSERT INTO districts (id, province_id, name, image) VALUES ('kilinochchi', 'np', 'Kilinochchi', 'https://images.unsplash.com/photo-1603590503023-e2bc0478df79?q=80&w=800&auto=format&fit=crop');
INSERT INTO famous_places (district_id, name, image) VALUES ('kilinochchi', 'Iranamadu Tank', 'https://images.unsplash.com/photo-1603590503023-e2bc0478df79?q=80&w=800&auto=format&fit=crop');
INSERT INTO famous_places (district_id, name, image) VALUES ('kilinochchi', 'Elephant Pass', 'https://images.unsplash.com/photo-1603590503023-e2bc0478df79?q=80&w=800&auto=format&fit=crop');
INSERT INTO famous_places (district_id, name, image) VALUES ('kilinochchi', 'Kanagambikai Amman Temple', 'https://images.unsplash.com/photo-1603590503023-e2bc0478df79?q=80&w=800&auto=format&fit=crop');
INSERT INTO famous_places (district_id, name, image) VALUES ('kilinochchi', 'Kilinochchi Water Tank', 'https://images.unsplash.com/photo-1603590503023-e2bc0478df79?q=80&w=800&auto=format&fit=crop');
INSERT INTO famous_places (district_id, name, image) VALUES ('kilinochchi', 'Elephant Pass War Memorial', 'https://images.unsplash.com/photo-1603590503023-e2bc0478df79?q=80&w=800&auto=format&fit=crop');
INSERT INTO districts (id, province_id, name, image) VALUES ('mannar', 'np', 'Mannar', 'https://images.unsplash.com/photo-1606132840502-f617694f4c4a?q=80&w=800&auto=format&fit=crop');
INSERT INTO famous_places (district_id, name, image) VALUES ('mannar', 'Mannar Island', 'https://images.unsplash.com/photo-1606132840502-f617694f4c4a?q=80&w=800&auto=format&fit=crop');
INSERT INTO famous_places (district_id, name, image) VALUES ('mannar', 'Adam''s Bridge (Rama Setu)', 'https://images.unsplash.com/photo-1606132840502-f617694f4c4a?q=80&w=800&auto=format&fit=crop');
INSERT INTO famous_places (district_id, name, image) VALUES ('mannar', 'Baobab Tree', 'https://images.unsplash.com/photo-1606132840502-f617694f4c4a?q=80&w=800&auto=format&fit=crop');
INSERT INTO famous_places (district_id, name, image) VALUES ('mannar', 'Mannar Fort', 'https://images.unsplash.com/photo-1606132840502-f617694f4c4a?q=80&w=800&auto=format&fit=crop');
INSERT INTO famous_places (district_id, name, image) VALUES ('mannar', 'Thiruketheeswaram Temple', 'https://images.unsplash.com/photo-1606132840502-f617694f4c4a?q=80&w=800&auto=format&fit=crop');
INSERT INTO districts (id, province_id, name, image) VALUES ('mullaitivu', 'np', 'Mullaitivu', 'https://images.unsplash.com/photo-1596707328574-e3db7842ebee?q=80&w=800&auto=format&fit=crop');
INSERT INTO famous_places (district_id, name, image) VALUES ('mullaitivu', 'Mullaitivu Beach', 'https://images.unsplash.com/photo-1596707328574-e3db7842ebee?q=80&w=800&auto=format&fit=crop');
INSERT INTO famous_places (district_id, name, image) VALUES ('mullaitivu', 'Nayaru Lagoon', 'https://images.unsplash.com/photo-1596707328574-e3db7842ebee?q=80&w=800&auto=format&fit=crop');
INSERT INTO famous_places (district_id, name, image) VALUES ('mullaitivu', 'Kokkilai Lagoon', 'https://images.unsplash.com/photo-1596707328574-e3db7842ebee?q=80&w=800&auto=format&fit=crop');
INSERT INTO famous_places (district_id, name, image) VALUES ('mullaitivu', 'Mullaitivu War Memorial', 'https://images.unsplash.com/photo-1596707328574-e3db7842ebee?q=80&w=800&auto=format&fit=crop');
INSERT INTO famous_places (district_id, name, image) VALUES ('mullaitivu', 'Nanthikadal Lagoon', 'https://images.unsplash.com/photo-1596707328574-e3db7842ebee?q=80&w=800&auto=format&fit=crop');
INSERT INTO districts (id, province_id, name, image) VALUES ('vavuniya', 'np', 'Vavuniya', 'https://images.unsplash.com/photo-1616801962386-efecfb834e06?q=80&w=800&auto=format&fit=crop');
INSERT INTO famous_places (district_id, name, image) VALUES ('vavuniya', 'Madukanda Temple', 'https://images.unsplash.com/photo-1616801962386-efecfb834e06?q=80&w=800&auto=format&fit=crop');
INSERT INTO famous_places (district_id, name, image) VALUES ('vavuniya', 'Vavuniya Tank', 'https://images.unsplash.com/photo-1616801962386-efecfb834e06?q=80&w=800&auto=format&fit=crop');
INSERT INTO famous_places (district_id, name, image) VALUES ('vavuniya', 'Archaeological Museum Vavuniya', 'https://images.unsplash.com/photo-1616801962386-efecfb834e06?q=80&w=800&auto=format&fit=crop');
INSERT INTO famous_places (district_id, name, image) VALUES ('vavuniya', 'Pandarikulam', 'https://images.unsplash.com/photo-1616801962386-efecfb834e06?q=80&w=800&auto=format&fit=crop');
INSERT INTO famous_places (district_id, name, image) VALUES ('vavuniya', 'Kantharodai Area', 'https://images.unsplash.com/photo-1616801962386-efecfb834e06?q=80&w=800&auto=format&fit=crop');
