-- Seed data generated from local files
INSERT INTO provinces (id, name, image) VALUES ('western', 'Western Province', '/home_hero_bg.png');
INSERT INTO districts (id, province_id, name, image) VALUES ('colombo', 'western', 'Colombo', '/galle_face.png');
INSERT INTO famous_places (district_id, name, image) VALUES ('colombo', 'Galle Face Green', '/galle_face.png');
INSERT INTO famous_places (district_id, name, image) VALUES ('colombo', 'Gangaramaya Temple', '/gangaramayatemple.JPG');
INSERT INTO famous_places (district_id, name, image) VALUES ('colombo', 'Independence Square', '/indipendentsqure.jpg');
INSERT INTO famous_places (district_id, name, image) VALUES ('colombo', 'Viharamahadevi Park', '/viharamahadevipark.jpg');
INSERT INTO famous_places (district_id, name, image) VALUES ('colombo', 'Colombo National Museum', '/national-museum-colombo-sri-lanka.jpg');
INSERT INTO districts (id, province_id, name, image) VALUES ('gampaha', 'western', 'Gampaha', '/negombobeach.jpg');
INSERT INTO famous_places (district_id, name, image) VALUES ('gampaha', 'Kelaniya Raja Maha Vihara', '/kalaniyatemple.jpg');
INSERT INTO famous_places (district_id, name, image) VALUES ('gampaha', 'Negombo Beach', '/negombobeach.jpg');
INSERT INTO famous_places (district_id, name, image) VALUES ('gampaha', 'Muthurajawela Wetland', '/muthurajawelawetland.jpg');
INSERT INTO famous_places (district_id, name, image) VALUES ('gampaha', 'Guruge Nature Park', '/gurugenaturepark.JPG');
INSERT INTO districts (id, province_id, name, image) VALUES ('kalutara', 'western', 'Kalutara', '/kalutaraBeach.jpg');
INSERT INTO famous_places (district_id, name, image) VALUES ('kalutara', 'Kalutara Bodhiya', '/kalutharbodhiya.jpg');
INSERT INTO famous_places (district_id, name, image) VALUES ('kalutara', 'Richmond Castle', '/richmondCastle.jpg');
INSERT INTO famous_places (district_id, name, image) VALUES ('kalutara', 'Kalutara Beach', '/kalutaraBeach.jpg');

INSERT INTO provinces (id, name, image) VALUES ('central', 'Central Province', '/kandy_temple.png');

INSERT INTO districts (id, province_id, name, image) VALUES ('kandy', 'central', 'Kandy', '/kandy_temple.png');
INSERT INTO famous_places (district_id, name, image) VALUES ('kandy', 'Temple of the Sacred Tooth Relic', '/kandy_temple.png');
INSERT INTO famous_places (district_id, name, image) VALUES ('kandy', 'Royal Botanical Gardens Peradeniya', '/peradeniya.jpg');
INSERT INTO famous_places (district_id, name, image) VALUES ('kandy', 'Udawattekele Sanctuary', '/udawathakale.jpg');
INSERT INTO famous_places (district_id, name, image) VALUES ('kandy', 'Knuckles View Point', '/knkulesviewpoint.jpg');
INSERT INTO districts (id, province_id, name, image) VALUES ('matale', 'central', 'Matale', '/sigiriya.png');
INSERT INTO famous_places (district_id, name, image) VALUES ('matale', 'Sigiriya Rock Fortress', '/sigiriya.png');
INSERT INTO famous_places (district_id, name, image) VALUES ('matale', 'Dambulla Cave Temple', '/dambulla.png');
INSERT INTO famous_places (district_id, name, image) VALUES ('matale', 'Riverston', '/knkulesviewpoint.jpg');
INSERT INTO famous_places (district_id, name, image) VALUES ('matale', 'Nalanda Gedige', '/Nalandagedige.jpg');
INSERT INTO famous_places (district_id, name, image) VALUES ('matale', 'Sembuwatta Lake', '/sembuwatta.jpg');
INSERT INTO districts (id, province_id, name, image) VALUES ('nuwara-eliya', 'central', 'Nuwara Eliya', '/tea_hills.png');
INSERT INTO famous_places (district_id, name, image) VALUES ('nuwara-eliya', 'Horton Plains National Park', '/hortonPlainsNationalPark.jpg');
INSERT INTO famous_places (district_id, name, image) VALUES ('nuwara-eliya', 'Worlds End', '/worldend.jpg');
INSERT INTO famous_places (district_id, name, image) VALUES ('nuwara-eliya', 'Gregory Lake', '/geogrylake.jpg');
INSERT INTO famous_places (district_id, name, image) VALUES ('nuwara-eliya', 'Hakgala Botanical Garden', '/hakgala.jpg');
INSERT INTO famous_places (district_id, name, image) VALUES ('nuwara-eliya', 'Pedro Tea Estate', '/pedrotea.jpg');
INSERT INTO provinces (id, name, image) VALUES ('southern', 'Southern Province', '/galle.png');
INSERT INTO districts (id, province_id, name, image) VALUES ('galle', 'southern', 'Galle', '/galle_fort.png');
INSERT INTO famous_places (district_id, name, image) VALUES ('galle', 'Galle Fort', '/galle_fort.png');
INSERT INTO famous_places (district_id, name, image) VALUES ('galle', 'Unawatuna Beach', 'https://images.unsplash.com/photo-1582234032543-9f170af3664d?q=80&w=800&auto=format&fit=crop');
INSERT INTO famous_places (district_id, name, image) VALUES ('galle', 'Jungle Beach', 'https://images.unsplash.com/photo-1586861635167-e5223aadc9fe?q=80&w=800&auto=format&fit=crop');
INSERT INTO famous_places (district_id, name, image) VALUES ('galle', 'Japanese Peace Pagoda', 'https://images.unsplash.com/photo-1552465011-b4e21bf6e79a?q=80&w=800&auto=format&fit=crop');
INSERT INTO famous_places (district_id, name, image) VALUES ('galle', 'Koggala Lake', 'https://images.unsplash.com/photo-1571003123894-1f0594d2b5d9?q=80&w=800&auto=format&fit=crop');
INSERT INTO districts (id, province_id, name, image) VALUES ('matara', 'southern', 'Matara', '/mirissa.png');
INSERT INTO famous_places (district_id, name, image) VALUES ('matara', 'Polhena Beach', 'https://images.unsplash.com/photo-1588820023611-37d45ddf0f62?q=80&w=800&auto=format&fit=crop');
INSERT INTO famous_places (district_id, name, image) VALUES ('matara', 'Dondra Head Lighthouse', 'https://images.unsplash.com/photo-1623947477545-c8a4103a89e4?q=80&w=800&auto=format&fit=crop');
INSERT INTO famous_places (district_id, name, image) VALUES ('matara', 'Weherahena Temple', 'https://images.unsplash.com/photo-1581416880097-40c21dc77a94?q=80&w=800&auto=format&fit=crop');
INSERT INTO famous_places (district_id, name, image) VALUES ('matara', 'Matara Fort', 'https://images.unsplash.com/photo-1552465011-b4e21bf6e79a?q=80&w=800&auto=format&fit=crop');
INSERT INTO famous_places (district_id, name, image) VALUES ('matara', 'Hummanaya Blowhole', 'https://images.unsplash.com/photo-1586861635167-e5223aadc9fe?q=80&w=800&auto=format&fit=crop');
INSERT INTO districts (id, province_id, name, image) VALUES ('hambantota', 'southern', 'Hambantota', '/yala_leopard.png');
INSERT INTO famous_places (district_id, name, image) VALUES ('hambantota', 'Yala National Park', '/yala_leopard.png');
INSERT INTO famous_places (district_id, name, image) VALUES ('hambantota', 'Bundala National Park', 'https://images.unsplash.com/photo-1598460599187-200eed59fb96?q=80&w=800&auto=format&fit=crop');
INSERT INTO famous_places (district_id, name, image) VALUES ('hambantota', 'Mirijjawila Botanical Garden', 'https://images.unsplash.com/photo-1533038590840-1cbea6bc1e28?q=80&w=800&auto=format&fit=crop');
INSERT INTO famous_places (district_id, name, image) VALUES ('hambantota', 'Hambantota Salt Pans', 'https://images.unsplash.com/photo-1598460599187-200eed59fb96?q=80&w=800&auto=format&fit=crop');
INSERT INTO famous_places (district_id, name, image) VALUES ('hambantota', 'Dry Zone Botanical Garden', 'https://images.unsplash.com/photo-1533038590840-1cbea6bc1e28?q=80&w=800&auto=format&fit=crop');
INSERT INTO famous_places (district_id, name, image) VALUES ('hambantota', 'Bundala National Park', '/bundala_national_park.jpg');
INSERT INTO famous_places (district_id, name, image) VALUES ('hambantota', 'Mirijjawila Botanical Garden', '/mirijjawila_botanical_garden.jpg');
INSERT INTO famous_places (district_id, name, image) VALUES ('hambantota', 'Hambantota Salt Pans', '/hambantota_salt_pans.jpg');
INSERT INTO famous_places (district_id, name, image) VALUES ('hambantota', 'Dry Zone Botanical Garden', '/dry_zone_botanical_garden.jpg');
INSERT INTO provinces (id, name, image) VALUES ('uva', 'Uva Province', '/ella.png');
INSERT INTO districts (id, province_id, name, image) VALUES ('badulla', 'uva', 'Badulla', '/nine_arches.png');
INSERT INTO famous_places (district_id, name, image) VALUES ('badulla', 'Dunhinda Falls', '/dunhinda_falls.jpg');
INSERT INTO famous_places (district_id, name, image) VALUES ('badulla', 'Lipton''s Seat', '/liptons_seat.jpg');
INSERT INTO famous_places (district_id, name, image) VALUES ('badulla', 'Nine Arches Bridge', '/nine_arches.png');
INSERT INTO famous_places (district_id, name, image) VALUES ('badulla', 'Muthiyangana Temple', '/muthiyangana_temple.jpg');
INSERT INTO famous_places (district_id, name, image) VALUES ('badulla', 'Diyaluma Falls', '/diyaluma_falls.jpg');
INSERT INTO districts (id, province_id, name, image) VALUES ('monaragala', 'uva', 'Monaragala', '/wild_lake.png');
INSERT INTO famous_places (district_id, name, image) VALUES ('monaragala', 'Madulsima', '/wild_lake.png');
INSERT INTO famous_places (district_id, name, image) VALUES ('monaragala', 'Nil Diya Pokuna', '/nil_diya_pokuna.jpg');
INSERT INTO famous_places (district_id, name, image) VALUES ('monaragala', 'Buduruwagala Temple', '/buduruwagala_temple.jpg');
INSERT INTO famous_places (district_id, name, image) VALUES ('monaragala', 'Yala Block 3', '/yala_block_3.jpg');
INSERT INTO famous_places (district_id, name, image) VALUES ('monaragala', 'Dambana Vedda Village', '/dambana_vedda_village.jpg');
INSERT INTO provinces (id, name, image) VALUES ('sabaragamuwa', 'Sabaragamuwa Province', '/adam_peak.png');
INSERT INTO districts (id, province_id, name, image) VALUES ('kegalle', 'sabaragamuwa', 'Kegalle', '/safari.png');
INSERT INTO famous_places (district_id, name, image) VALUES ('kegalle', 'Pinnawala Elephant Orphanage', 'https://images.unsplash.com/photo-1630489958043-41bb33318991?q=80&w=800&auto=format&fit=crop');
INSERT INTO famous_places (district_id, name, image) VALUES ('kegalle', 'Belilena Cave', 'https://images.unsplash.com/photo-1630489958043-41bb33318991?q=80&w=800&auto=format&fit=crop');
INSERT INTO famous_places (district_id, name, image) VALUES ('kegalle', 'Kitulgala', 'https://images.unsplash.com/photo-1630489958043-41bb33318991?q=80&w=800&auto=format&fit=crop');
INSERT INTO famous_places (district_id, name, image) VALUES ('kegalle', 'Ridi Viharaya', 'https://images.unsplash.com/photo-1630489958043-41bb33318991?q=80&w=800&auto=format&fit=crop');
INSERT INTO famous_places (district_id, name, image) VALUES ('kegalle', 'Seethawaka Botanical Garden', 'https://images.unsplash.com/photo-1630489958043-41bb33318991?q=80&w=800&auto=format&fit=crop');
INSERT INTO districts (id, province_id, name, image) VALUES ('ratnapura', 'sabaragamuwa', 'Ratnapura', '/adam_peak.png');
INSERT INTO famous_places (district_id, name, image) VALUES ('ratnapura', 'Sinharaja Forest Reserve', 'https://images.unsplash.com/photo-1581020087815-46fdba93df9e?q=80&w=800&auto=format&fit=crop');
INSERT INTO famous_places (district_id, name, image) VALUES ('ratnapura', 'Adam''s Peak (Sri Pada)', '/adam_peak.png');
INSERT INTO famous_places (district_id, name, image) VALUES ('ratnapura', 'Bopath Ella', 'https://images.unsplash.com/photo-1581020087815-46fdba93df9e?q=80&w=800&auto=format&fit=crop');
INSERT INTO famous_places (district_id, name, image) VALUES ('ratnapura', 'Udawalawe National Park', 'https://images.unsplash.com/photo-1581020087815-46fdba93df9e?q=80&w=800&auto=format&fit=crop');
INSERT INTO famous_places (district_id, name, image) VALUES ('ratnapura', 'Gem Museum Ratnapura', 'https://images.unsplash.com/photo-1581020087815-46fdba93df9e?q=80&w=800&auto=format&fit=crop');
INSERT INTO provinceS (id, name, image) VALUES ('nwp', 'North Western Province', '/yapahuwa.png');
INSERT INTO districts (id, province_id, name, image) VALUES ('kurunegala', 'nwp', 'Kurunegala', '/yapahuwa.png');
INSERT INTO famous_places (district_id, name, image) VALUES ('kurunegala', 'Ridi Viharaya', 'https://images.unsplash.com/photo-1570168007204-dfb528c6958f?q=80&w=800&auto=format&fit=crop');
INSERT INTO famous_places (district_id, name, image) VALUES ('kurunegala', 'Kurunegala Lake', 'https://images.unsplash.com/photo-1570168007204-dfb528c6958f?q=80&w=800&auto=format&fit=crop');
INSERT INTO famous_places (district_id, name, image) VALUES ('kurunegala', 'Ethagala Rock', 'https://images.unsplash.com/photo-1570168007204-dfb528c6958f?q=80&w=800&auto=format&fit=crop');
INSERT INTO famous_places (district_id, name, image) VALUES ('kurunegala', 'Yapahuwa Rock Fortress', '/yapahuwa.png');
INSERT INTO famous_places (district_id, name, image) VALUES ('kurunegala', 'Panduwasnuwara Kingdom', 'https://images.unsplash.com/photo-1570168007204-dfb528c6958f?q=80&w=800&auto=format&fit=crop');
INSERT INTO districts (id, province_id, name, image) VALUES ('puttalam', 'nwp', 'Puttalam', '/negombobeach.jpg');
INSERT INTO famous_places (district_id, name, image) VALUES ('puttalam', 'Kalpitiya Beach', 'https://images.unsplash.com/photo-1594917634212-32a22cc37a6b?q=80&w=800&auto=format&fit=crop');
INSERT INTO famous_places (district_id, name, image) VALUES ('puttalam', 'Wilpattu National Park', 'https://images.unsplash.com/photo-1594917634212-32a22cc37a6b?q=80&w=800&auto=format&fit=crop');
INSERT INTO famous_places (district_id, name, image) VALUES ('puttalam', 'St. Anne''s Shrine Talawila', 'https://images.unsplash.com/photo-1594917634212-32a22cc37a6b?q=80&w=800&auto=format&fit=crop');
INSERT INTO famous_places (district_id, name, image) VALUES ('puttalam', 'Dutch Fort Kalpitiya', 'https://images.unsplash.com/photo-1594917634212-32a22cc37a6b?q=80&w=800&auto=format&fit=crop');
INSERT INTO famous_places (district_id, name, image) VALUES ('puttalam', 'Bar Reef Marine Sanctuary', 'https://images.unsplash.com/photo-1594917634212-32a22cc37a6b?q=80&w=800&auto=format&fit=crop');
INSERT INTO provinces (id, name, image) VALUES ('ncp', 'North Central Province', '/ruwanwelisaya.png');
INSERT INTO districts (id, province_id, name, image) VALUES ('anuradhapura', 'ncp', 'Anuradhapura', '/ruwanwelisaya.png');
INSERT INTO famous_places (district_id, name, image) VALUES ('anuradhapura', 'Sri Maha Bodhi', 'https://images.unsplash.com/photo-1533038590840-1cbea6bc1e28?q=80&w=800&auto=format&fit=crop');
INSERT INTO famous_places (district_id, name, image) VALUES ('anuradhapura', 'Ruwanwelisaya', '/ruwanwelisaya.png');
INSERT INTO famous_places (district_id, name, image) VALUES ('anuradhapura', 'Jetavanaramaya', 'https://images.unsplash.com/photo-1533038590840-1cbea6bc1e28?q=80&w=800&auto=format&fit=crop');
INSERT INTO famous_places (district_id, name, image) VALUES ('anuradhapura', 'Abhayagiri Stupa', 'https://images.unsplash.com/photo-1533038590840-1cbea6bc1e28?q=80&w=800&auto=format&fit=crop');
INSERT INTO famous_places (district_id, name, image) VALUES ('anuradhapura', 'Mihintale', 'https://images.unsplash.com/photo-1533038590840-1cbea6bc1e28?q=80&w=800&auto=format&fit=crop');
INSERT INTO districts (id, province_id, name, image) VALUES ('polonnaruwa', 'ncp', 'Polonnaruwa', '/polonnaruwa_ruins.png');
INSERT INTO famous_places (district_id, name, image) VALUES ('polonnaruwa', 'Gal Vihara', '/polonnaruwa_ruins.png');
INSERT INTO famous_places (district_id, name, image) VALUES ('polonnaruwa', 'Parakrama Samudra', 'https://images.unsplash.com/photo-1632766320074-ceadea9ee104?q=80&w=800&auto=format&fit=crop');
INSERT INTO famous_places (district_id, name, image) VALUES ('polonnaruwa', 'Polonnaruwa Vatadage', 'https://images.unsplash.com/photo-1632766320074-ceadea9ee104?q=80&w=800&auto=format&fit=crop');
INSERT INTO famous_places (district_id, name, image) VALUES ('polonnaruwa', 'Lankatilaka Temple', 'https://images.unsplash.com/photo-1632766320074-ceadea9ee104?q=80&w=800&auto=format&fit=crop');
INSERT INTO famous_places (district_id, name, image) VALUES ('polonnaruwa', 'Royal Palace Ruins', 'https://images.unsplash.com/photo-1632766320074-ceadea9ee104?q=80&w=800&auto=format&fit=crop');
INSERT INTO provinces (id, name, image) VALUES ('ep', 'Eastern Province', '/nilaveli_beach.png');
INSERT INTO districts (id, province_id, name, image) VALUES ('trincomalee', 'ep', 'Trincomalee', '/nilaveli_beach.png');
INSERT INTO famous_places (district_id, name, image) VALUES ('trincomalee', 'Koneswaram Temple', 'https://images.unsplash.com/photo-1586526154388-12dce0291fc2?q=80&w=800&auto=format&fit=crop');
INSERT INTO famous_places (district_id, name, image) VALUES ('trincomalee', 'Nilaveli Beach', '/nilaveli_beach.png');
INSERT INTO famous_places (district_id, name, image) VALUES ('trincomalee', 'Pigeon Island National Park', 'https://images.unsplash.com/photo-1586526154388-12dce0291fc2?q=80&w=800&auto=format&fit=crop');
INSERT INTO famous_places (district_id, name, image) VALUES ('trincomalee', 'Marble Beach', 'https://images.unsplash.com/photo-1586526154388-12dce0291fc2?q=80&w=800&auto=format&fit=crop');
INSERT INTO famous_places (district_id, name, image) VALUES ('trincomalee', 'Fort Frederick', 'https://images.unsplash.com/photo-1586526154388-12dce0291fc2?q=80&w=800&auto=format&fit=crop');
INSERT INTO districts (id, province_id, name, image) VALUES ('batticaloa', 'ep', 'Batticaloa', '/mirissa.png');
INSERT INTO famous_places (district_id, name, image) VALUES ('batticaloa', 'Batticaloa Lagoon', 'https://images.unsplash.com/photo-1636186000780-87779fdf8bd2?q=80&w=800&auto=format&fit=crop');
INSERT INTO famous_places (district_id, name, image) VALUES ('batticaloa', 'Batticaloa Fort', 'https://images.unsplash.com/photo-1636186000780-87779fdf8bd2?q=80&w=800&auto=format&fit=crop');
INSERT INTO famous_places (district_id, name, image) VALUES ('batticaloa', 'Pasikudah Beach', 'https://images.unsplash.com/photo-1550951298-5c7b95a66bfc?q=80&w=800&auto=format&fit=crop');
INSERT INTO famous_places (district_id, name, image) VALUES ('batticaloa', 'Kalkudah Beach', 'https://images.unsplash.com/photo-1550951298-5c7b95a66bfc?q=80&w=800&auto=format&fit=crop');
INSERT INTO famous_places (district_id, name, image) VALUES ('batticaloa', 'Kallady Bridge', 'https://images.unsplash.com/photo-1636186000780-87779fdf8bd2?q=80&w=800&auto=format&fit=crop');
INSERT INTO districts (id, province_id, name, image) VALUES ('ampara', 'ep', 'Ampara', '/yala_leopard.png');
INSERT INTO famous_places (district_id, name, image) VALUES ('ampara', 'Arugam Bay', 'https://images.unsplash.com/photo-1574676451694-84c47f70b2df?q=80&w=800&auto=format&fit=crop');
INSERT INTO famous_places (district_id, name, image) VALUES ('ampara', 'Lahugala National Park', 'https://images.unsplash.com/photo-1574676451694-84c47f70b2df?q=80&w=800&auto=format&fit=crop');
INSERT INTO famous_places (district_id, name, image) VALUES ('ampara', 'Magul Maha Viharaya', 'https://images.unsplash.com/photo-1574676451694-84c47f70b2df?q=80&w=800&auto=format&fit=crop');
INSERT INTO famous_places (district_id, name, image) VALUES ('ampara', 'Kudumbigala Monastery', 'https://images.unsplash.com/photo-1574676451694-84c47f70b2df?q=80&w=800&auto=format&fit=crop');
INSERT INTO famous_places (district_id, name, image) VALUES ('ampara', 'Gal Oya National Park', 'https://images.unsplash.com/photo-1574676451694-84c47f70b2df?q=80&w=800&auto=format&fit=crop');
INSERT INTO provinces (id, name, image) VALUES ('np', 'Northern Province', '/nallur_temple.png');
INSERT INTO districts (id, province_id, name, image) VALUES ('jaffna', 'np', 'Jaffna', '/nallur_temple.png');
INSERT INTO famous_places (district_id, name, image) VALUES ('jaffna', 'Nallur Kandaswamy Temple', 'https://images.unsplash.com/photo-1617260799763-7eb6bc7d6675?q=80&w=800&auto=format&fit=crop');
INSERT INTO famous_places (district_id, name, image) VALUES ('jaffna', 'Jaffna Fort', 'https://images.unsplash.com/photo-1546708973-b3395414464b?q=80&w=800&auto=format&fit=crop');
INSERT INTO famous_places (district_id, name, image) VALUES ('jaffna', 'Casuarina Beach', 'https://images.unsplash.com/photo-1601007831006-2c5050f589db?q=80&w=800&auto=format&fit=crop');
INSERT INTO famous_places (district_id, name, image) VALUES ('jaffna', 'Delft Island', 'https://images.unsplash.com/photo-1601007831006-2c5050f589db?q=80&w=800&auto=format&fit=crop');
INSERT INTO famous_places (district_id, name, image) VALUES ('jaffna', 'Keerimalai Naguleswaram Temple', 'https://images.unsplash.com/photo-1601007831006-2c5050f589db?q=80&w=800&auto=format&fit=crop');
INSERT INTO districts (id, province_id, name, image) VALUES ('kilinochchi', 'np', 'Kilinochchi', '/nallur_temple.png');
INSERT INTO famous_places (district_id, name, image) VALUES ('kilinochchi', 'Iranamadu Tank', 'https://images.unsplash.com/photo-1603590503023-e2bc0478df79?q=80&w=800&auto=format&fit=crop');
INSERT INTO famous_places (district_id, name, image) VALUES ('kilinochchi', 'Elephant Pass', 'https://images.unsplash.com/photo-1603590503023-e2bc0478df79?q=80&w=800&auto=format&fit=crop');
INSERT INTO famous_places (district_id, name, image) VALUES ('kilinochchi', 'Kanagambikai Amman Temple', 'https://images.unsplash.com/photo-1603590503023-e2bc0478df79?q=80&w=800&auto=format&fit=crop');
INSERT INTO famous_places (district_id, name, image) VALUES ('kilinochchi', 'Kilinochchi Water Tank', 'https://images.unsplash.com/photo-1603590503023-e2bc0478df79?q=80&w=800&auto=format&fit=crop');
INSERT INTO famous_places (district_id, name, image) VALUES ('kilinochchi', 'Elephant Pass War Memorial', 'https://images.unsplash.com/photo-1603590503023-e2bc0478df79?q=80&w=800&auto=format&fit=crop');
INSERT INTO districts (id, province_id, name, image) VALUES ('mannar', 'np', 'Mannar', '/nallur_temple.png');
INSERT INTO famous_places (district_id, name, image) VALUES ('mannar', 'Mannar Island', 'https://images.unsplash.com/photo-1606132840502-f617694f4c4a?q=80&w=800&auto=format&fit=crop');
INSERT INTO famous_places (district_id, name, image) VALUES ('mannar', 'Adam''s Bridge (Rama Setu)', 'https://images.unsplash.com/photo-1606132840502-f617694f4c4a?q=80&w=800&auto=format&fit=crop');
INSERT INTO famous_places (district_id, name, image) VALUES ('mannar', 'Baobab Tree', 'https://images.unsplash.com/photo-1606132840502-f617694f4c4a?q=80&w=800&auto=format&fit=crop');
INSERT INTO famous_places (district_id, name, image) VALUES ('mannar', 'Mannar Fort', 'https://images.unsplash.com/photo-1606132840502-f617694f4c4a?q=80&w=800&auto=format&fit=crop');
INSERT INTO famous_places (district_id, name, image) VALUES ('mannar', 'Thiruketheeswaram Temple', 'https://images.unsplash.com/photo-1606132840502-f617694f4c4a?q=80&w=800&auto=format&fit=crop');
INSERT INTO districts (id, province_id, name, image) VALUES ('mullaitivu', 'np', 'Mullaitivu', '/nallur_temple.png');
INSERT INTO famous_places (district_id, name, image) VALUES ('mullaitivu', 'Mullaitivu Beach', 'https://images.unsplash.com/photo-1596707328574-e3db7842ebee?q=80&w=800&auto=format&fit=crop');
INSERT INTO famous_places (district_id, name, image) VALUES ('mullaitivu', 'Nayaru Lagoon', 'https://images.unsplash.com/photo-1596707328574-e3db7842ebee?q=80&w=800&auto=format&fit=crop');
INSERT INTO famous_places (district_id, name, image) VALUES ('mullaitivu', 'Kokkilai Lagoon', 'https://images.unsplash.com/photo-1596707328574-e3db7842ebee?q=80&w=800&auto=format&fit=crop');
INSERT INTO famous_places (district_id, name, image) VALUES ('mullaitivu', 'Mullaitivu War Memorial', 'https://images.unsplash.com/photo-1596707328574-e3db7842ebee?q=80&w=800&auto=format&fit=crop');
INSERT INTO famous_places (district_id, name, image) VALUES ('mullaitivu', 'Nanthikadal Lagoon', 'https://images.unsplash.com/photo-1596707328574-e3db7842ebee?q=80&w=800&auto=format&fit=crop');
INSERT INTO districts (id, province_id, name, image) VALUES ('vavuniya', 'np', 'Vavuniya', '/nallur_temple.png');
INSERT INTO famous_places (district_id, name, image) VALUES ('vavuniya', 'Madukanda Temple', 'https://images.unsplash.com/photo-1616801962386-efecfb834e06?q=80&w=800&auto=format&fit=crop');
INSERT INTO famous_places (district_id, name, image) VALUES ('vavuniya', 'Vavuniya Tank', 'https://images.unsplash.com/photo-1616801962386-efecfb834e06?q=80&w=800&auto=format&fit=crop');
INSERT INTO famous_places (district_id, name, image) VALUES ('vavuniya', 'Archaeological Museum Vavuniya', 'https://images.unsplash.com/photo-1616801962386-efecfb834e06?q=80&w=800&auto=format&fit=crop');
INSERT INTO famous_places (district_id, name, image) VALUES ('vavuniya', 'Pandarikulam', 'https://images.unsplash.com/photo-1616801962386-efecfb834e06?q=80&w=800&auto=format&fit=crop');
INSERT INTO famous_places (district_id, name, image) VALUES ('vavuniya', 'Kantharodai Area', 'https://images.unsplash.com/photo-1616801962386-efecfb834e06?q=80&w=800&auto=format&fit=crop');
